Date,open,low,high,close,next_open,volume,intraday_drop_pct,vol_ratio,open_to_close_pct,range_pos,overnight_ret,net_ret
2023-10-30,11.729999542236328,9.899999618530273,13.930000305175781,10.329999923706055,10.210000038146973,37800,15.601022976316031,0.8902496467263307,-11.935206079840674,0.10669980940715544,-0.011616639539725198,-0.016616639539725198
2023-11-02,10.789999961853027,9.359999656677246,10.960000038146973,9.670000076293945,10.90999984741211,17900,13.253014923367981,0.5393190720096415,-10.379980440396018,0.1937502160667858,0.12823161957961404,0.12323161957961404
2023-11-09,10.520000457763672,9.600000381469727,10.600000381469727,10.5,9.800000190734863,4600,8.74524749297889,0.07074202229911572,-0.19011841153401954,0.8999996185302734,-0.06666664850144159,-0.0716666485014416
2023-11-14,9.699999809265137,5.96999979019165,9.699999809265137,7.800000190734863,7.800000190734863,41200,38.45360920018479,0.6576741958655918,-19.587625318460862,0.4906167268593677,0.0,-0.005
2023-11-15,7.800000190734863,6.300000190734863,7.800000190734863,6.769999980926514,7.650000095367432,14600,19.230768760515634,0.23070237813067868,-13.205130572071305,0.3133331934611003,0.12998524622159377,0.12498524622159377
2023-11-16,7.650000095367432,2.7799999713897705,7.650000095367432,3.0,2.5799999237060547,640300,63.660131545969,7.963930348258707,-60.78431421436591,0.045174542712442575,-0.1400000254313151,-0.1450000254313151
2023-11-17,2.5799999237060547,1.899999976158142,2.5799999237060547,1.9199999570846558,2.140000104904175,457400,26.356587893658656,4.665442676458588,-25.581394811567996,0.029411738925324667,0.11458341288380502,0.10958341288380502
2023-11-20,2.140000104904175,1.4199999570846558,2.140000104904175,1.559999942779541,1.5099999904632568,483500,33.64486507124537,3.966691279022069,-27.102809985638064,0.19444438465584699,-0.03205125266043049,-0.03705125266043049
2023-11-21,1.5099999904632568,1.3600000143051147,1.7599999904632568,1.6799999475479126,1.659999966621399,437300,9.93377331824507,3.0483426858596774,11.258275374723747,0.7999998807907034,-0.011904750923180184,-0.016904750923180185
2023-11-22,1.659999966621399,1.5199999809265137,1.7200000286102295,1.6699999570846558,1.6200000047683716,112000,8.433734247587214,0.7571404427919554,0.6024090761646119,0.7499997019768472,-0.02994009197675062,-0.03494009197675062
2023-11-27,1.7599999904632568,1.649999976158142,1.7999999523162842,1.7300000190734863,3.0,136600,6.25000084665689,0.8673841953201892,-1.7045438382004816,0.5333337042067375,0.7341040271240408,0.7291040271240408
2023-11-28,3.0,2.609999895095825,4.150000095367432,3.640000104904175,3.069999933242798,45994600,13.000003496805826,18.732591408469347,21.33333683013916,0.6688312180911994,-0.15659344924012922,-0.16159344924012922
2023-11-29,3.069999933242798,2.5,3.7200000286102295,2.819999933242798,2.630000114440918,2529800,18.56677347353278,0.9799387199361633,-8.143322652646722,0.2622950210971124,-0.06737582386514233,-0.07237582386514234
2023-11-30,2.630000114440918,2.359999895095825,2.9000000953674316,2.5799999237060547,2.380000114440918,415000,10.26616758921659,0.15948227825238168,-1.901147853960921,0.40740730929280217,-0.07751930820906612,-0.08251930820906613
2023-12-01,2.380000114440918,2.109999895095825,2.549999952316284,2.200000047683716,2.140000104904175,193300,11.344546485810488,0.07403463886569588,-7.563027651344701,0.20454577473565344,-0.027272700672307866,-0.032272700672307864
2023-12-05,2.109999895095825,1.9450000524520874,2.299999952316284,1.9850000143051147,2.049999952316284,68000,7.819898144414095,0.026232088402137914,-5.924165260919769,0.11267598066458358,0.03274556047493221,0.02774556047493221
2023-12-06,2.049999952316284,1.8799999952316284,2.140000104904175,2.0199999809265137,1.9900000095367432,136500,8.292681026288498,0.052520806319426544,-1.4634132725648943,0.5384612563094928,-0.014851471125267248,-0.019851471125267247
2023-12-08,2.0,1.7400000095367432,2.0999999046325684,1.7400000095367432,1.7899999618530273,54700,12.999999523162842,0.02101191379353394,-12.999999523162842,0.0,0.02873560462197707,0.023735604621977067
2024-01-05,2.140000104904175,1.9700000286102295,2.140000104904175,2.049999952316284,1.9500000476837158,6700,7.943928409366017,0.191784743094318,-4.205614400748857,0.470587575312188,-0.04878044241882981,-0.05378044241882981
2024-01-08,1.9500000476837158,1.8200000524520874,1.9800000190734863,1.9700000286102295,1.9199999570846558,38700,6.66666625911355,1.1111111111111112,1.0256400224333537,0.9375000465661385,-0.025380746598692765,-0.030380746598692766
2024-01-11,1.9800000190734863,1.8300000429153442,1.9800000190734863,1.8769999742507935,1.850000023841858,12600,7.575756298645518,0.4119666503187837,-5.202022415681102,0.31333292537258867,-0.014384630143488737,-0.019384630143488738
2024-01-19,2.1700000762939453,1.9199999570846558,2.3299999237060547,2.1500000953674316,2.2100000381469727,101100,11.520742415652565,3.782267115600449,-0.921658074808496,0.5609759927009018,0.027906948892152082,0.02290694889215208
2024-01-22,2.2100000381469727,2.049999952316284,2.3299999237060547,2.049999952316284,2.190000057220459,91300,7.239822763299333,3.052490805750585,-7.239822763299333,0.0,0.06829273568811034,0.06329273568811034
2024-01-23,2.190000057220459,1.899999976158142,2.190000057220459,1.9900000095367432,1.909000039100647,41300,13.242012487907607,1.3249919794674367,-9.13242203005032,0.31034485593561384,-0.04070350253664188,-0.04570350253664188
2024-01-25,2.0799999237060547,1.9299999475479126,2.0799999237060547,2.0399999618530273,1.940000057220459,10400,7.211537579812914,0.37866375386856,-1.9230751596258298,0.7333335452609929,-0.049019562011037375,-0.05401956201103737
2024-02-05,1.9900000095367432,1.7599999904632568,1.9900000095367432,1.9900000095367432,1.7999999523162842,14800,11.557789847801487,0.6657669815564552,0.0,1.0,-0.09547741523111326,-0.10047741523111327
2024-02-27,1.8890000581741333,1.5199999809265137,1.8899999856948853,1.8849999904632568,1.8300000429153442,9900,19.534148538051774,1.7983651226158037,-0.21175582782897553,0.9864864995481324,-0.029177691154468298,-0.034177691154468295
2024-02-29,1.8799999952316284,1.7230000495910645,1.940000057220459,1.940000057220459,1.940000057220459,4900,8.351060959509233,0.805921052631579,3.1914926670751487,1.0,0.0,-0.005
2024-03-01,1.940000057220459,1.7999999523162842,2.0,2.0,1.899999976158142,10700,7.2165000399412556,1.671875,3.092780464424631,1.0,-0.050000011920928955,-0.05500001192092895
2024-03-07,1.8070000410079956,1.600000023841858,1.940000057220459,1.899999976158142,1.899999976158142,4800,11.455451713806672,0.8695652173913043,5.1466482036308365,0.8823527143076028,0.0,-0.005
2024-03-08,1.899999976158142,1.6859999895095825,1.940000057220459,1.940000057220459,1.8600000143051147,10400,11.263157333363448,1.7808219178082192,2.1052674507500932,1.0,-0.04123713430708066,-0.04623713430708066
2024-03-13,3.9100000858306885,2.549999952316284,4.260000228881836,3.069999933242798,2.9000000953674316,845100,34.78261134680945,1.1480699085049009,-21.4833793899887,0.30409350691504394,-0.055374541228669596,-0.060374541228669594
2024-03-14,2.9000000953674316,2.5999999046325684,4.230000019073486,3.0,2.809999942779541,1702800,10.344833823077964,2.073853948458128,3.4482724601392922,0.24539881428451907,-0.06333335240681966,-0.06833335240681966
2024-03-18,3.4600000381469727,2.8499999046325684,3.700000047683716,3.4000000953674316,3.319999933242798,457400,17.630061467892183,0.5217589688016883,-1.734102373353568,0.6470589390262819,-0.023529458788438158,-0.02852945878843816
2024-03-19,3.319999933242798,2.7300000190734863,3.369999885559082,3.0999999046325684,3.0199999809265137,340200,17.771082109421346,0.3808137907874853,-6.6265070190933795,0.578124941792327,-0.025806427795854008,-0.03080642779585401
2024-03-20,3.0199999809265137,2.7799999713897705,3.25,2.859999895095825,2.8299999237060547,133000,7.947020233527052,0.14781801712688455,-5.298016120569697,0.17021259326858157,-0.010489500870686343,-0.015489500870686342
2024-03-21,2.8299999237060547,2.5999999046325684,2.9200000762939453,2.6700000762939453,2.609999895095825,109600,8.12720937364152,0.1211478091700933,-5.6537050079697515,0.21875041909493376,-0.022471977334698242,-0.027471977334698243
2024-03-22,2.609999895095825,2.4100000858306885,2.75,2.609999895095825,2.619999885559082,70700,7.662828249186339,0.07788316423763729,0.0,0.5882348816286518,0.0038314141245931695,-0.0011685858754068306
2024-03-28,2.819999933242798,2.5999999046325684,2.890000104904175,2.6700000762939453,2.6700000762939453,86900,7.801419638944644,0.09345794392523364,-5.319143989353342,0.24137973558575704,0.0,-0.005
2024-04-03,2.880000114440918,2.700000047683716,2.9600000381469727,2.75,2.75,175900,6.25000206960564,0.18146274030401974,-4.513892683165894,0.19230751596258294,0.0,-0.005
2024-04-05,2.9600000381469727,2.7799999713897705,3.0399999618530273,2.8510000705718994,2.8499999046325684,206300,6.08108325802206,0.20792807684167028,-3.6824312895384184,0.27307731456306583,-0.0003508123165813971,-0.005350812316581397
2024-04-10,2.700000047683716,2.1600000858306885,2.700000047683716,2.359999895095825,2.440000057220459,408500,19.999998233936484,1.1856044115512987,-12.592598021602667,0.37037004332154194,0.033898375288438504,0.028898375288438503
2024-04-11,2.440000057220459,2.259999990463257,2.509999990463257,2.2850000858306885,2.5399999618530273,78500,7.3770517432794795,0.2563516426098883,-6.352457694871519,0.10000038146972656,0.11159731573035642,0.10659731573035641
2024-04-15,2.559999942779541,2.2899999618530273,2.680000066757202,2.359999895095825,2.4600000381469727,488900,10.546874490682956,1.4572714536945959,-7.812502037268178,0.17948696003555492,0.0423729438543416,0.0373729438543416
2024-04-17,2.7300000190734863,2.3299999237060547,2.759999990463257,2.5199999809265137,2.490000009536743,118100,14.65201804295901,0.36703805572389786,-7.692309035889419,0.44186052958857275,-0.01190475064160143,-0.01690475064160143
2024-04-24,2.490000009536743,2.1500000953674316,2.5799999237060547,2.2880001068115234,2.4200000762939453,203000,13.654614974582568,0.6144253760707044,-8.112445861508297,0.3209303872917302,0.05769229166093545,0.052692291660935454
2024-04-30,2.569999933242798,2.4000000953674316,2.6500000953674316,2.617000102996826,2.609999895095825,72400,6.614779855689033,0.2375406017257784,1.8288004270383005,0.8680000305175781,-0.0026748978316755785,-0.007674897831675579
2024-05-03,2.7699999809265137,2.509999990463257,3.0,2.559999942779541,2.5299999713897705,177600,9.386281308792343,0.6147881473276101,-7.5812288661724665,0.10204071702683279,-0.011718739086063334,-0.016718739086063333
2024-05-07,2.440000057220459,2.2200000286102295,2.5799999237060547,2.299999952316284,2.3499999046325684,166100,9.016394403729805,0.598526205790678,-5.737709082829153,0.22222207505021693,0.021739110153428578,0.016739110153428577
2024-05-09,2.380000114440918,2.2200000286102295,2.380000114440918,2.256999969482422,2.259999990463257,9600,6.722692358704943,0.03781090608322338,-5.168073069080077,0.23124950639930025,0.001329207364377116,-0.003670792635622884
2024-05-23,2.2100000381469727,2.009999990463257,2.2100000381469727,2.119999885559082,2.0299999713897705,12200,9.049775757081463,0.2558724832214765,-4.072405024180606,0.5499993443490638,-0.04245279199417359,-0.047452791994173585
2024-05-30,2.140000104904175,2.006999969482422,2.180000066757202,2.1500000953674316,2.009999990463257,12800,6.214959294486036,0.35684415946473375,0.467289251077145,0.8265898582581672,-0.06511632497404564,-0.07011632497404564
2024-06-24,2.4800000190734863,2.3299999237060547,2.5,2.4800000190734863,2.4800000190734863,15000,6.048390895717445,1.092896174863388,0.0,0.8823531061719531,0.0,-0.005
2024-06-26,2.680000066757202,2.450000047683716,2.680000066757202,2.490000009536743,2.559999942779541,33700,8.58209005016131,1.669970267591675,-7.0895541973011555,0.17391286319957708,0.028112422881404375,0.023112422881404374
2024-06-27,2.559999942779541,2.2699999809265137,2.6700000762939453,2.609999895095825,2.680000066757202,38600,11.328123763087177,1.7549443055239826,1.9531231810105558,0.849999582767586,0.026819990220270457,0.021819990220270456
2024-07-01,2.609999895095825,2.109999895095825,2.609999895095825,2.5999999046325684,2.630000114440918,4600,19.157088892589503,0.207909604519774,-0.38314141245931693,0.9800000190734863,0.011538542657211841,0.006538542657211841
2024-07-02,2.630000114440918,2.3350000381469727,2.630000114440918,2.5,2.5199999809265137,10200,11.216732450852234,0.4649042844120328,-4.942969915746685,0.5593217599327579,0.007999992370605469,0.002999992370605469
2024-07-05,2.509999990463257,2.2249999046325684,2.509999990463257,2.3299999237060547,2.3499999046325684,35300,11.354585135997851,1.5411482209124645,-7.17131742793276,0.36842100860230703,0.008583683082144515,0.003583683082144515
2024-07-08,2.3499999046325684,2.0999999046325684,2.359999895095825,2.2820000648498535,2.1500000953674316,57500,10.638298304062632,2.2972433080303634,-2.893610320947944,0.700000641896198,-0.05784398147732171,-0.06284398147732172
2024-07-19,2.490000009536743,2.3299999237060547,2.630000114440918,2.5999999046325684,2.5999999046325684,238800,6.425706233650015,4.167539267015707,4.417666452792116,0.8999993642175266,0.0,-0.005
2024-07-22,2.5999999046325684,2.390000104904175,2.75,2.6500000953674316,2.5299999713897705,229400,8.076915670428484,3.369565217391304,1.9230843295715159,0.7222224061872289,-0.04528306402231382,-0.05028306402231382
2024-07-29,2.819999933242798,2.559999942779541,2.819999933242798,2.690000057220459,2.5799999237060547,24500,9.219858036105535,0.295216291119412,-4.609924790772896,0.5000004584972844,-0.040892242072316516,-0.045892242072316514
2024-07-30,2.5799999237060547,2.4200000762939453,2.6500000953674316,2.450000047683716,2.2899999618530273,59500,6.201544656725289,0.6939989502536887,-5.038755033589298,0.1304346473996828,-0.06530615621087685,-0.07030615621087685
2024-08-01,2.5399999618530273,2.2790000438690186,2.7699999809265137,2.628999948501587,2.5899999141693115,157100,10.27558747652891,1.630682997716421,3.503936534850602,0.7128308543786719,-0.014834551196740675,-0.019834551196740675
2024-08-08,2.7899999618530273,2.5799999237060547,2.7899999618530273,2.609999895095825,2.569999933242798,29400,7.526883190618305,0.23163285404766595,-6.451615384168391,0.14285698066766273,-0.015325656498372678,-0.020325656498372677
2024-08-15,2.5,2.0999999046325684,2.6659998893737793,2.130000114440918,2.200000047683716,282300,16.000003814697266,2.0596818911425654,-14.799995422363283,0.05300390568396648,0.032863816658137326,0.027863816658137325
2024-08-16,2.200000047683716,2.0,2.3399999141693115,2.069999933242798,2.109999895095825,42000,9.090911061310528,0.3301367709479642,-5.909095982874611,0.20588220857002812,0.019323653692280385,0.014323653692280384
2024-08-22,2.190000057220459,2.0299999713897705,2.299999952316284,2.1649999618530273,2.200000047683716,165200,7.3059398013788215,1.3930348258706469,-1.1415568362660995,0.5,0.016166321684704252,0.011166321684704252
2024-08-26,2.2699999809265137,2.109999895095825,2.4000000953674316,2.119999885559082,2.1500000953674316,222700,7.048461990091449,1.5636848757197024,-6.607933772149559,0.03448270192189906,0.014151043126324517,0.009151043126324518
2024-08-28,2.2300000190734863,1.8600000143051147,2.309999942779541,1.8799999952316284,1.8600000143051147,396900,16.59192832303643,2.0616575331792326,-15.695068199473598,0.044444409123167855,-0.010638287753851585,-0.015638287753851586
2024-08-29,1.8600000143051147,1.3480000495910645,1.9900000095367432,1.8799999952316284,1.6799999475479126,431400,27.526879611628956,2.0918392086505357,1.0752677834782465,0.8286604031650997,-0.10638300435690931,-0.11138300435690932
2024-08-30,1.6799999475479126,1.5499999523162842,1.7300000190734863,1.5850000381469727,1.6399999856948853,301400,7.738095195858385,1.3741850180093922,-5.654756688510587,0.19444484916719096,0.03470028152946492,0.029700281529464922
2024-09-03,1.6399999856948853,1.5,1.7599999904632568,1.559999942779541,1.5800000429153442,265100,8.536584568052042,1.1555981778949893,-4.87805143982653,0.23076901915509954,0.01282057748038625,0.00782057748038625
2024-09-05,1.590000033378601,1.3300000429153442,1.6200000047683716,1.3300000429153442,1.340000033378601,377900,16.352200314787492,1.606990984861371,-16.352200314787492,0.0,0.007518789579387513,0.0025187895793875132
2024-09-09,1.3799999952316284,1.2200000286102295,1.4800000190734863,1.2999999523162842,1.309999942779541,225900,11.594200519873441,0.8967132422991426,-5.797104579113893,0.30769202554013275,0.007692300638503318,0.002692300638503318
2024-09-10,1.309999942779541,1.2100000381469727,1.350000023841858,1.2699999809265137,1.3300000429153442,190200,7.633580839735752,0.7436659368157648,-3.0534323358943007,0.4285710636449947,0.047244144007827636,0.04224414400782764
2024-09-11,1.3300000429153442,1.159999966621399,1.3600000143051147,1.2100000381469727,1.2000000476837158,255600,12.781960211167148,0.9548001494209937,-9.022556458369206,0.2500002980231528,-0.008264454667762735,-0.013264454667762736
2024-09-12,1.2000000476837158,0.9900000095367432,1.2200000286102295,1.0199999809265137,1.0499999523162842,312000,17.500002483526767,1.170248677844042,-15.000004967053535,0.1304346473996828,0.029411737206622428,0.024411737206622427
2024-09-16,1.149999976158142,1.0199999809265137,1.159999966621399,1.1100000143051147,1.1299999952316284,104300,11.304347645808253,0.3938673010837959,-3.4782576245485726,0.6428574469625045,0.018018000602490186,0.013018000602490185
2024-09-17,1.1299999952316284,1.059999942779541,1.2100000381469727,1.190000057220459,1.4299999475479126,163500,6.194694933404732,0.6006061162641197,5.309740021417584,0.8666668785941578,0.20168057040941076,0.19668057040941075
2024-09-18,1.4299999475479126,1.0199999809265137,1.4299999475479126,1.0729999542236328,1.100000023841858,286700,28.671327388818785,1.0244957029784345,-24.965035413913427,0.12926823807783436,0.025163160083973117,0.020163160083973116
2024-09-19,1.100000023841858,0.9110000133514404,1.100000023841858,0.9769999980926514,1.0,460300,17.181818763086607,1.5524190148564105,-11.181820280295712,0.34920624908937353,0.023541455427073078,0.018541455427073077
2024-09-23,1.059999942779541,0.9959999918937683,1.2000000476837158,1.0800000429153442,1.1399999856948853,759900,6.037731541565132,2.301994819830054,1.8868020014566025,0.4117648433786124,0.05555550036607185,0.05055550036607185
2024-09-24,1.1399999856948853,1.0199999809265137,1.1399999856948853,1.100000023841858,1.090000033378601,670100,10.526316339839756,1.901127739555997,-3.508768627628134,0.666666997803569,-0.009090900224102623,-0.014090900224102622
2024-09-26,1.090000033378601,0.9620000123977661,1.1299999952316284,0.9700000286102295,1.0099999904632568,962100,11.743120831297754,2.5579602254599596,-11.009174412262675,0.04761914898750147,0.041237072858995076,0.03623707285899508
2024-09-27,1.0099999904632568,0.8700000047683716,1.0299999713897705,0.949999988079071,0.921999990940094,370600,13.861384853149497,0.9933526321432401,-5.940594351556933,0.5,-0.029473681568769172,-0.03447368156876917
2024-09-30,0.921999990940094,0.8050000071525574,0.9399999976158142,0.8199999928474426,0.8500000238418579,537600,12.689803138527209,1.3967627114240433,-11.062906626349275,0.11111101299646257,0.03658540397084693,0.031585403970846936
2024-10-02,1.75,1.399999976158142,2.690000057220459,1.6399999856948853,1.5199999809265137,34879000,20.00000136239188,8.246484267867107,-6.285715103149414,0.18604650732975367,-0.07317073525310204,-0.07817073525310204
2024-10-03,1.5199999809265137,1.4199999570846558,2.069999933242798,1.7799999713897705,1.75,7903700,6.578949019519266,1.7160133308726946,17.105262745120182,0.5538461961689801,-0.01685391678200277,-0.021853916782002773
2024-10-04,1.75,1.4199999570846558,1.7699999809265137,1.4900000095367432,1.5299999713897705,2093300,18.857145309448242,0.44508467729075196,-14.857142312186106,0.20000013623917878,0.02684561181007224,0.02184561181007224
2024-10-08,1.600000023841858,1.3309999704360962,1.600000023841858,1.3700000047683716,1.3300000429153442,1767900,16.81250308733429,0.3585633129230039,-14.37500097788869,0.14498151148486,-0.02919705234584303,-0.034197052345843026
2024-10-09,1.3300000429153442,0.9850000143051147,1.3559999465942383,1.2400000095367432,1.2599999904632568,1095700,25.939850938199488,0.22035127093633705,-6.766919584552951,0.6873316489796679,0.016129016752173694,0.011129016752173693
2024-10-15,1.309999942779541,1.100000023841858,1.3300000429153442,1.1200000047683716,1.1200000047683716,687200,16.030528863391243,0.13460877366353488,-14.503812695444093,0.08695643159978854,0.0,-0.005
2024-10-18,1.2999999523162842,1.2200000286102295,1.350000023841858,1.340000033378601,1.350000023841858,261200,6.153840510802654,0.051030625213075324,3.0769294253470134,0.9230769936149669,0.007462679264300777,0.002462679264300777
2024-10-22,1.3799999952316284,1.2699999809265137,1.399999976158142,1.2899999618530273,1.2899999618530273,204400,7.971015556898724,0.04027641760576008,-6.521741571708836,0.15384601277006638,0.0,-0.005
2024-10-23,1.2899999618530273,1.1799999475479126,1.3070000410079956,1.190000057220459,1.190000057220459,269900,8.527133144027744,0.05337953362623844,-7.751930820906612,0.07874096309771213,0.0,-0.005
2024-10-29,1.2799999713897705,1.1699999570846558,1.2799999713897705,1.1699999570846558,1.2100000381469727,100600,8.593751309672399,0.03432972575463118,-8.593751309672399,0.0,0.03418810472607793,0.02918810472607793
2024-11-01,1.2699999809265137,1.1299999952316284,1.2999999523162842,1.1799999475479126,1.1799999475479126,438800,11.023621086415284,0.5894799062313185,-7.086616907894959,0.2941174408143259,0.0,-0.005
2024-11-08,1.1799999475479126,1.0499999523162842,1.1799999475479126,1.100000023841858,1.0499999523162842,282300,11.016949238156633,0.6894867317156569,-6.779654852722472,0.38461594891973455,-0.045454609492592175,-0.05045460949259217
2024-11-11,1.0499999523162842,0.9350000023841858,1.059999942779541,0.9919999837875366,1.0099999904632568,308300,10.952376681390339,0.7785845065976388,-5.52380677740037,0.45600006866458354,0.018145168316429528,0.013145168316429527
2024-11-19,1.0499999523162842,0.9850000143051147,1.0700000524520874,0.9869999885559082,0.9909999966621399,106500,6.190470567906269,0.3495814869522403,-5.9999968210854675,0.02352909827328928,0.0040526931637396985,-0.0009473068362603016
2024-11-25,1.0199999809265137,0.6899999976158142,1.0199999809265137,0.800000011920929,0.8050000071525574,474200,32.35294014524834,2.043613170143079,-21.56862481563465,0.33333339354004826,0.0062499939464033556,0.0012499939464033554
2024-11-26,0.8050000071525574,0.75,0.8980000019073486,0.8190000057220459,0.8009999990463257,154600,6.832298964456307,0.6586010053676408,1.7391302416268617,0.4662162488703309,-0.02197802997553226,-0.02697802997553226
2024-11-27,0.8009999990463257,0.7319999933242798,0.828000009059906,0.7450000047683716,0.7799999713897705,103800,8.614232934356757,0.44380785428736347,-6.991260217806236,0.13541676367941896,0.046979820667626425,0.04197982066762643
2024-12-09,0.8980000019073486,0.7749999761581421,0.8980000019073486,0.8389999866485596,0.8399999737739563,77500,13.697107515362466,0.5646424538268187,-6.570157587246464,0.5203251796134712,0.0011918797870203105,-0.0038081202129796893
2024-12-10,0.8399999737739563,0.7850000262260437,0.8500000238418579,0.8370000123977661,0.8510000109672546,65700,6.547613007749101,0.525074925074925,-0.35713827022064576,0.7999998166010863,0.016726401866330357,0.011726401866330356
2024-12-11,0.8510000109672546,0.7710000276565552,0.8679999709129333,0.7829999923706055,0.7850000262260437,89000,9.400702970587595,0.7313966388626372,-7.990601377238492,0.12371104880271404,0.0025543216793437553,-0.002445678320656245
2024-12-12,0.7850000262260437,0.7289999723434448,0.7850000262260437,0.7799999713897705,0.7799999713897705,69500,7.133764587477026,0.589082895406001,-0.6369496393919112,0.9107133924057369,0.0,-0.005
2024-12-13,0.7799999713897705,0.699999988079071,0.7900000214576721,0.7120000123977661,0.7300000190734863,172500,10.256408492959162,1.4257965863536801,-8.717943780285657,0.13333355409119507,0.025280907812209878,0.020280907812209877
2024-12-16,0.7300000190734863,0.5799999833106995,0.7300000190734863,0.5929999947547913,0.5950000286102295,302700,20.547949567613223,2.4083061500517147,-18.767126128650663,0.0866667222976552,0.0033727384032528657,-0.0016272615967471344
2024-12-17,0.5950000286102295,0.5099999904632568,0.6060000061988831,0.6060000061988831,0.5879999995231628,326500,14.285720010049644,2.4413040227306713,1.8487356402900932,1.0,-0.029702981009232524,-0.034702981009232525
2024-12-18,0.5879999995231628,0.5270000100135803,0.6079999804496765,0.5270000100135803,0.550000011920929,218700,10.37414788419223,1.5694294940796556,-10.37414788419223,0.0,0.043643266547102995,0.038643266547103
2024-12-23,0.6000000238418579,0.5609999895095825,0.6200000047683716,0.5889999866485596,0.5809999704360962,142800,6.500005463758887,0.9522856857057117,-1.8333394593660253,0.4745760999579737,-0.013582370787449225,-0.018582370787449225
2024-12-30,0.7940000295639038,0.6919999718666077,0.7940000295639038,0.7490000128746033,0.7269999980926514,190600,12.846354395391977,1.2833720499612833,-5.667508188131469,0.5588236153469017,-0.029372515892913773,-0.03437251589291377
2024-12-31,0.7269999980926514,0.671999990940094,0.8289999961853027,0.8199999928474426,0.8799999952316284,300800,7.565338005069429,1.9812936372019496,12.79229642349174,0.942675139890578,0.07317073525310204,0.06817073525310204
2025-01-02,0.8799999952316284,0.7670000195503235,0.9350000023841858,0.7960000038146973,0.8330000042915344,562500,12.840906397000804,3.175633715350308,-9.545453621828846,0.17261897159270723,0.04648241243658395,0.04148241243658395
2025-01-03,0.8330000042915344,0.703000009059906,0.8330000042915344,0.7599999904632568,0.7699999809265137,304400,15.606241844163407,1.5948027453240425,-8.763507017069468,0.4384614114930597,0.0131578823536055,0.0081578823536055
2025-01-06,0.7699999809265137,0.6869999766349792,0.7699999809265137,0.7099999785423279,0.7149999737739563,196500,10.77922160357244,1.0184777256589006,-7.792208294861243,0.27710844238708693,0.007042247017941755,0.0020422470179417545
2025-01-08,1.2000000476837158,0.7900000214576721,1.5,1.0700000524520874,1.0299999713897705,83026500,34.16666749450892,18.9544587546786,-10.833332505491079,0.3943662527557705,-0.03738325149671712,-0.042383251496717116
2025-01-10,1.0299999713897705,0.8700000047683716,1.0299999713897705,0.9200000166893005,1.1699999570846558,3409900,15.533977773369479,0.749836449497254,-10.679607549119437,0.31250013969841534,0.2717390607176308,0.2667390607176308
2025-01-13,1.1699999570846558,1.0,1.2799999713897705,1.1299999952316284,1.059999942779541,7742100,14.529911394890362,1.5703483442795192,-3.4188002837792526,0.46428574469625045,-0.061946949334047326,-0.06694694933404732
2025-01-14,1.059999942779541,0.9599999785423279,1.2000000476837158,1.0199999809265137,1.0099999904632568,2253200,9.433959399563019,0.4471198256129493,-3.7735815105932082,0.24999993791184624,-0.009803912402207475,-0.014803912402207475
2025-01-16,1.0700000524520874,0.972000002861023,1.1200000047683716,0.9750000238418579,0.9900000095367432,1071900,9.158882690377505,0.20783808833167228,-8.878506911520308,0.020270411771433912,0.015384600336500307,0.010384600336500308
2025-01-21,1.5499999523162842,1.25,1.899999976158142,1.340000033378601,1.399999976158142,134486000,19.354836228734793,11.317612416839498,-13.548382283745497,0.13846159489197346,0.04477607558580467,0.03977607558580467
2025-01-23,1.3300000429153442,1.149999976158142,1.340000033378601,1.159999966621399,1.0399999618530273,3874400,13.533839169105901,0.3115310887828224,-12.781960211167148,0.05263151290346058,-0.10344828294942289,-0.1084482829494229
2025-01-27,1.0399999618530273,0.9300000071525574,1.059999942779541,0.9300000071525574,0.9169999957084656,1656800,10.576919109158116,0.13110483599432313,-10.576919109158116,0.0,-0.01397850682162336,-0.01897850682162336
2025-01-28,0.9169999957084656,0.8529999852180481,0.949999988079071,0.9369999766349792,0.9380000233650208,1401300,6.979281438379034,0.11033932116868499,2.1810230120079632,0.8659792674159237,0.0010672857577146827,-0.003932714242285317
2025-01-30,0.8899999856948853,0.8270000219345093,0.9549999833106995,0.906000018119812,0.902999997138977,1895100,7.0786477273016475,0.1479055109260894,1.797756481134594,0.6171876564331359,-0.0033112813695752373,-0.008311281369575237
2025-01-31,0.902999997138977,0.8019999861717224,0.902999997138977,0.8180000185966492,0.8500000238418579,1623500,11.184940341889076,0.12605748329942165,-9.413065206161443,0.15841614542115398,0.03911980992385252,0.03411980992385252
2025-02-05,0.7929999828338623,0.7329999804496765,0.8149999976158142,0.75,0.7509999871253967,788900,7.566204751955979,0.06000464733673758,-5.422444358724662,0.20731726818886237,0.001333316167195638,-0.0036666838328043624
2025-02-06,0.7509999871253967,0.6899999976158142,0.7590000033378601,0.7129999995231628,0.7269999980926514,689400,8.122502071281284,0.0524646354567787,-5.059918542433865,0.3333333333333333,0.01963534162531751,0.01463534162531751
2025-02-11,0.7440000176429749,0.6499999761581421,0.7799999713897705,0.6899999976158142,0.6949999928474426,2109800,12.634413878460524,0.244731396330769,-7.258067035836251,0.30769248403741706,0.007246369925949435,0.002246369925949435
2025-02-12,0.6949999928474426,0.6299999952316284,0.6949999928474426,0.6909999847412109,0.675000011920929,542300,9.352517738814159,0.06353587761933187,-0.575540740632744,0.9384614114930597,-0.023154809223728413,-0.028154809223728414
2025-02-13,0.675000011920929,0.6259999871253967,0.6930000185966492,0.6660000085830688,0.6549999713897705,618900,7.259262804468247,0.07299984666375721,-1.3333338042836047,0.597014965206917,-0.01651657214945265,-0.02151657214945265
2025-02-18,0.6690000295639038,0.6019999980926514,0.6690000295639038,0.656000018119812,0.6650000214576721,702800,10.014951944759593,0.083123985788022,-1.943200428939595,0.805970069586166,0.01371951690436744,0.008719516904367439
2025-02-19,0.6650000214576721,0.6079999804496765,0.6650000214576721,0.6240000128746033,0.6439999938011169,514500,8.571434461468467,0.2929512345802029,-6.1654146255811115,0.28070212129641053,0.03205125082350406,0.02705125082350406
2025-02-20,0.6439999938011169,0.6000000238418579,0.6439999938011169,0.6100000143051147,0.6209999918937683,478100,6.832293537699521,0.3398251474873836,-5.279499972557799,0.227272665697639,0.018032749722447557,0.013032749722447556
2025-02-25,0.6000000238418579,0.5199999809265137,0.6000000238418579,0.5440000295639038,0.5440000295639038,492700,13.333339956071377,0.4507116981960555,-9.333332008785725,0.300000447034596,0.0,-0.005
2025-02-28,0.5659999847412109,0.5299999713897705,0.5839999914169312,0.550000011920929,0.527999997138977,260500,6.360426558650972,0.2540781741483992,-2.8268503978136255,0.370370983586653,-0.04000002600929897,-0.04500002600929897
2025-03-04,0.5,0.45100000500679016,0.5230000019073486,0.4869999885559082,0.4830000102519989,653100,9.799998998641968,0.8271171844328212,-2.6000022888183594,0.49999979303941894,-0.008213508003912611,-0.013213508003912612
2025-03-05,0.4830000102519989,0.4449999928474426,0.48899999260902405,0.45899999141693115,0.4449999928474426,306200,7.867498260451438,0.4161909422062741,-4.968947893509579,0.31818178739429487,-0.030501086778390966,-0.035501086778390964
2025-03-07,0.46000000834465027,0.4230000078678131,0.46000000834465027,0.44999998807907104,0.4320000112056732,179900,8.043478218616745,0.26255107997664917,-2.1739174096029172,0.729729185494485,-0.03999994966718752,-0.04499994966718752
2025-03-10,0.4320000112056732,0.4000000059604645,0.43700000643730164,0.41100001335144043,0.414000004529953,390900,7.407408429434898,0.5957206863970252,-4.861110488313109,0.2972974932219854,0.007299248372401687,0.002299248372401687
2025-03-11,0.414000004529953,0.3700000047683716,0.414000004529953,0.38600000739097595,0.4000000059604645,334000,10.628019149791582,0.5239955444690231,-6.763284259082959,0.3636364252114102,0.03626942565135252,0.031269425651352524
2025-03-12,0.4000000059604645,0.3700000047683716,0.4000000059604645,0.3889999985694885,0.37700000405311584,348600,7.500000186264512,0.6345681259670519,-2.750001806765768,0.6333331015375018,-0.030848315065556683,-0.035848315065556684
2025-03-14,0.3790000081062317,0.35100001096725464,0.49000000953674316,0.4480000138282776,0.4440000057220459,1220800,7.387861883931358,2.1446703851728226,18.205805869720606,0.6978417543834071,-0.008928589247242586,-0.013928589247242586
2025-03-18,0.5099999904632568,0.44999998807907104,0.5099999904632568,0.4869999885559082,0.49399998784065247,335000,11.76470656983444,0.587193914217104,-4.509804379889626,0.6166666501098216,0.014373715501516185,0.009373715501516184
2025-03-19,0.49399998784065247,0.46299999952316284,0.5580000281333923,0.5350000262260437,0.550000011920929,413000,6.2753014333047235,0.7304110994190314,8.299603116309479,0.7578947896772316,0.0280373550646287,0.0230373550646287
2025-03-20,0.550000011920929,0.5,0.6299999952316284,0.6200000047683716,0.5899999737739563,11162400,9.090911061310528,10.150866184695131,12.727271150951577,0.9230769936149669,-0.04838714639304418,-0.05338714639304418
2025-03-24,0.6000000238418579,0.5600000023841858,0.6140000224113464,0.5849999785423279,0.5920000076293945,711600,6.666669978035689,0.6363485966975332,-2.5000074505803007,0.4629623497466804,0.011965862126198627,0.006965862126198627
2025-03-25,0.5920000076293945,0.5400000214576721,0.5920000076293945,0.5590000152587891,0.5410000085830688,711600,8.783781334725182,0.6301806588735388,-5.574322963736213,0.36538459334147166,-0.032200368845047546,-0.03720036884504754
2025-03-26,0.5410000085830688,0.47999998927116394,0.5460000038146973,0.5,0.5220000147819519,431300,11.275419287269484,0.4077079778610692,-7.57855969179221,0.3030303988136872,0.04400002956390381,0.03900002956390381
2025-03-28,0.5289999842643738,0.47999998927116394,0.5389999747276306,0.5139999985694885,0.5130000114440918,575800,9.262759253452366,0.5437718387005382,-2.8355361325282837,0.5762714860906466,-0.0019455002493770214,-0.006945500249377021
2025-03-31,0.5130000114440918,0.4650000035762787,0.5130000114440918,0.48100000619888306,0.48500001430511475,535000,9.35672647115414,0.5047169811320755,-6.237817647436094,0.3333333333333333,0.008316025061708155,0.0033160250617081553
2025-04-03,0.49000000953674316,0.4309999942779541,0.49000000953674316,0.4659999907016754,0.41999998688697815,473900,12.04081920622185,0.44482198672761575,-4.897962932237062,0.5932201249474671,-0.0987124565076346,-0.10371245650763461
2025-04-04,0.41999998688697815,0.39399999380111694,0.4399999976158142,0.414000004529953,0.42100000381469727,483700,6.190474737528455,0.4476382616421115,-1.4285672724651155,0.4347828058754626,0.016908210647707398,0.011908210647707397
2025-04-09,0.5059999823570251,0.460999995470047,0.5299999713897705,0.5260000228881836,0.5099999904632568,335000,8.893278350991505,0.3084771358588556,3.9525773178874837,0.9420297116300365,-0.030418311271305825,-0.035418311271305826
2025-04-10,0.5099999904632568,0.47200000286102295,0.5099999904632568,0.4959999918937683,0.5,242100,7.450978100551869,0.22391994006603835,-2.745097810055187,0.6315788648134845,0.008064532604041651,0.003064532604041651
2025-04-14,0.5099999904632568,0.44999998807907104,0.5099999904632568,0.46799999475479126,0.46000000834465027,373800,11.76470656983444,0.3720976532364433,-8.23529343016556,0.3000000993410707,-0.017093988247441298,-0.0220939882474413
2025-04-22,0.4860000014305115,0.43700000643730164,0.4860000014305115,0.4650000035762787,0.4650000035762787,313500,10.082303466868586,0.8681324767390342,-4.320987200086537,0.5714285714285714,0.0,-0.005
2025-04-25,0.503000020980835,0.46000000834465027,0.5099999904632568,0.4860000014305115,0.48399999737739563,223800,8.548709909064408,0.6377431075016029,-3.3797254157512677,0.5200000476837329,-0.004115234665080153,-0.009115234665080154
2025-04-28,0.48399999737739563,0.4399999976158142,0.48399999737739563,0.46399998664855957,0.46700000762939453,274700,9.090909090909092,0.8178759639146098,-4.132233644051281,0.5454542991543591,0.0064655626447403785,0.0014655626447403784
2025-04-29,0.46700000762939453,0.4180000126361847,0.4790000021457672,0.42500001192092896,0.42500001192092896,423500,10.49250410978486,1.282187135742291,-8.993574951244167,0.11475410636988108,0.0,-0.005
2025-05-02,0.44600000977516174,0.414000004529953,0.44600000977516174,0.4259999990463257,0.41499999165534973,319700,7.174888911177521,1.0148239850173,-4.48430724001968,0.3749997671693945,-0.02582161365164639,-0.03082161365164639
2025-05-07,0.41999998688697815,0.3930000066757202,0.43799999356269836,0.414000004529953,0.40799999237060547,189700,6.4285669176755516,0.6174728207798972,-1.4285672724651155,0.46666675496986987,-0.014492782835014274,-0.019492782835014273
2025-05-12,0.4099999964237213,0.38499999046325684,0.41200000047683716,0.40700000524520874,0.4000000059604645,314700,6.097562482568367,1.0270384935463341,-0.7317051718732658,0.8148150601013279,-0.017199015219979946,-0.022199015219979946
2025-05-14,0.3880000114440918,0.36000001430511475,0.4020000100135803,0.3799999952316284,0.3790000081062317,379600,7.216493895132698,1.1948943135495853,-2.0618597877583125,0.47619007071666075,-0.002631545099855035,-0.007631545099855036
2025-05-15,0.3790000081062317,0.3529999852180481,0.39899998903274536,0.38999998569488525,0.4000000059604645,299700,6.860164203715775,0.9299655568312285,2.902368694823439,0.8043477697498679,0.025641078544558448,0.020641078544558447
2025-05-19,0.3930000066757202,0.3659999966621399,0.39500001072883606,0.38499999046325684,0.37299999594688416,265200,6.870231438916767,0.7646838326461175,-2.0356275003996394,0.6551718822418323,-0.031168817697718676,-0.03616881769771867
2025-05-27,0.4000000059604645,0.36800000071525574,0.4000000059604645,0.3779999911785126,0.3700000047683716,576700,8.000001192092878,0.582548789850095,-5.500003613531536,0.31249965075409175,-0.021163985705922816,-0.026163985705922817
2025-05-30,0.36500000953674316,0.3409999907016754,0.367000013589859,0.34299999475479126,0.35600000619888306,973400,6.575347454244864,0.9470898441300667,-6.02740115263949,0.07692316509555075,0.03790090857985415,0.03290090857985415
2025-06-03,0.4099999964237213,0.3610000014305115,0.4189999997615814,0.3880000114440918,0.3880000114440918,5934600,11.951218395272857,4.19403396442428,-5.36585004183592,0.4655174274223508,0.0,-0.005
2025-06-06,0.4490000009536743,0.4099999964237213,0.4490000009536743,0.42500001192092896,0.4359999895095825,1007000,8.68596981004836,0.6081560551386771,-5.3452091273428675,0.38461573730554943,0.025882299482617672,0.02088229948261767
2025-06-09,0.4359999895095825,0.4009999930858612,0.4659999907016754,0.4580000042915344,0.45899999141693115,969000,8.02752230867934,0.5722587389047358,5.045875071395703,0.8769232814834038,0.002183377982591019,-0.002816622017408981
2025-06-10,0.45899999141693115,0.42500001192092896,0.46000000834465027,0.4490000009536743,0.44600000977516174,837700,7.407403078820198,0.4871935048620481,-2.17864720049055,0.6857140424299965,-0.0066814948154579135,-0.011681494815457914
2025-06-12,0.48100000619888306,0.43700000643730164,0.5799999833106995,0.48100000619888306,0.5830000042915344,10659300,9.14760898015215,4.493944791677646,0.0,0.30769235578643445,0.2120582053599321,0.2070582053599321
2025-06-13,0.5830000042915344,0.492000013589859,0.8299999833106995,0.574999988079071,0.5440000295639038,166353600,15.608917672695256,15.584030157513803,-1.372215463734868,0.24556207670007496,-0.05391297244845209,-0.05891297244845209
2025-06-16,0.5440000295639038,0.4449999928474426,0.5440000295639038,0.4729999899864197,0.5,16298700,18.19853517210731,1.4213092174022237,-13.051477154220217,0.28282814903563935,0.057082474810106275,0.05208247481010628
2025-06-20,0.5199999809265137,0.48399999737739563,0.5249999761581421,0.49000000953674316,0.5099999904632568,8456700,6.923074013382618,0.6244830865933338,-5.769225478877488,0.14634183572224513,0.04081628681073312,0.03581628681073312
2025-06-23,0.5099999904632568,0.4650000035762787,0.6000000238418579,0.47999998927116394,0.42500001192092896,24353900,8.823527005579463,1.65599902627891,-5.88235328491722,0.11111098846782752,-0.11458328870745897,-0.11958328870745898
2025-06-25,0.4099999964237213,0.367000013589859,0.4099999964237213,0.4099999964237213,0.38999998569488525,3385000,10.487800782667144,0.22567200757084585,0.0,1.0,-0.0487805143982653,-0.0537805143982653
2025-06-26,0.38999998569488525,0.35100001096725464,0.40299999713897705,0.3869999945163727,0.3580000102519989,3624100,9.999993886702875,0.23918381435518674,-0.7692285355260507,0.69230756004883,-0.07493536091806556,-0.07993536091806556
2025-06-30,0.36000001430511475,0.3310000002384186,0.36000001430511475,0.34599998593330383,0.3499999940395355,2364200,8.055559142871997,0.1540024883237687,-3.888896615416608,0.5172406351385653,0.011560717540036966,0.006560717540036966
2025-07-07,0.39399999380111694,0.36500000953674316,0.3959999978542328,0.3779999911785126,0.3709999918937683,965600,7.36040221335952,0.06442147765096448,-4.060914435110585,0.41935440454456746,-0.018518517058479175,-0.023518517058479176
2025-07-24,0.3499999940395355,0.3199999928474426,0.3499999940395355,0.3230000138282776,0.33500000834465027,1389100,8.571429057997108,0.9180520720774307,-7.7142801917328185,0.10000069538749475,0.03715168421866526,0.03215168421866526
2025-07-25,0.33500000834465027,0.3050000071525574,0.3409999907016754,0.3319999873638153,0.33000001311302185,1553000,8.955224013376348,1.1017778849837536,-0.8955286286884264,0.7499997930393333,-0.006024019056970103,-0.011024019056970103
2025-07-28,0.33000001311302185,0.3100000023841858,0.33000001311302185,0.3179999887943268,0.3109999895095825,908200,6.060609070941536,0.6949641498894271,-3.6363708611687766,0.399999105930808,-0.02201257714279877,-0.027012577142798772
2025-07-30,0.3109999895095825,0.29100000858306885,0.3149999976158142,0.3009999990463257,0.30000001192092896,1071400,6.430862251169765,0.8863738836561889,-3.2154311255848826,0.41666645970599997,-0.0033222163739702357,-0.008322216373970235
2025-08-04,0.3199999928474426,0.28299999237060547,0.3199999928474426,0.2840000092983246,0.2840000092983246,1452600,11.562500407453635,1.1917302485847896,-11.249995110556373,0.027027484184632633,0.0,-0.005
2025-08-15,0.3499999940395355,0.3100000023841858,0.3499999940395355,0.3330000042915344,0.3499999940395355,1288700,11.428569239013012,1.293946954902128,-4.857140010716916,0.5750001676380984,0.051051019606348016,0.04605101960634802
2025-08-19,0.3499999940395355,0.3100000023841858,0.3720000088214874,0.3199999928474426,0.33500000834465027,2116900,11.428569239013012,1.9714374851576433,-8.571429057997108,0.16129015201586253,0.04687504947651288,0.04187504947651288
2025-08-21,0.3479999899864197,0.3269999921321869,0.3479999899864197,0.33399999141693115,0.3330000042915344,1129700,6.034482315661069,0.9497347602754121,-4.022988210440713,0.3333333333333333,-0.0029939735062700875,-0.007993973506270088
2025-09-17,0.46799999475479126,0.41499999165534973,0.47999998927116394,0.4359999895095825,0.45899999141693115,3146600,11.324787113985096,1.872056876831318,-6.83760803501187,0.32307690191551,0.05275229922188595,0.04775229922188595
2025-09-19,0.5249999761581421,0.44200000166893005,0.5299999713897705,0.49000000953674316,0.4830000102519989,4232600,15.80951966828481,1.9695351634570866,-6.666660611591367,0.5454548225423489,-0.014285712547969573,-0.019285712547969572
2025-10-02,0.5839999914169312,0.5070000290870667,0.6200000047683716,0.5400000214576721,0.5220000147819519,5070000,13.184925250262966,1.5896033046190987,-7.534241542110988,0.2920353935621695,-0.033333344371230075,-0.03833334437123007
2025-10-07,0.5960000157356262,0.5600000023841858,0.6209999918937683,0.5720000267028809,0.5659999847412109,1862300,6.040270537074838,0.5619128511578156,-4.026843691123538,0.19672174397357853,-0.010489583359384312,-0.015489583359384312
2025-10-09,0.546999990940094,0.49000000953674316,0.5600000023841858,0.5149999856948853,0.5090000033378601,1396700,10.420472092767058,0.4661260178881324,-5.850092463477444,0.3571425530374956,-0.011650451502303285,-0.016650451502303286
2025-10-10,0.5090000033378601,0.4699999988079071,0.5170000195503235,0.48500001430511475,0.4860000014305115,1655700,7.662083354460389,0.5497349604806404,-4.715125515788029,0.3191491250485873,0.00206182906371552,-0.00293817093628448
2025-10-13,0.4860000014305115,0.45500001311302185,0.4959999918937683,0.460999995470047,0.45899999141693115,1189000,6.378598400461531,0.40087457413398114,-5.144034133102568,0.14634110883595702,-0.004338403628565313,-0.009338403628565313
2025-10-16,0.5,0.460999995470047,0.5099999904632568,0.4620000123977661,0.4620000123977661,821400,7.800000905990601,0.3584621997813616,-7.599997520446777,0.02040851081429076,0.0,-0.005
2025-10-17,0.4620000123977661,0.4300000071525574,0.4620000123977661,0.4350000023841858,0.4259999990463257,1024800,6.926407875863397,0.48088631740467797,-5.844157854769545,0.15624982537704588,-0.020689662732257717,-0.025689662732257718
2025-10-23,0.7300000190734863,0.5099999904632568,0.7379999756813049,0.5339999794960022,0.5299999713897705,22182100,30.136989433158213,5.498560420805792,-26.84931978854559,0.10526311661727933,-0.0074906521719475755,-0.012490652171947576
2025-10-24,0.5299999713897705,0.4869999885559082,0.5339999794960022,0.5040000081062317,0.5299999713897705,5466600,8.113204746239397,1.2978016238545178,-4.90565371453917,0.36170261334713116,0.0515872279074619,0.0465872279074619
2025-10-29,0.5400000214576721,0.5,0.5479999780654907,0.5109999775886536,0.5099999904632568,1881500,7.407411086706321,0.47424364251380635,-5.370378280863036,0.22916630448549993,-0.0019569220533346117,-0.006956922053334612
2025-10-30,0.5099999904632568,0.47200000286102295,0.5109999775886536,0.4790000021457672,0.4830000102519989,1676900,7.450978100551869,0.4415549876702175,-6.078429195524276,0.1794872774567446,0.008350747574766032,0.003350747574766032
2025-11-03,0.5109999775886536,0.47200000286102295,0.5529999732971191,0.5509999990463257,0.5460000038146973,2043900,7.6320893225214474,0.5323453381691269,7.827793192169466,0.9753089508548487,-0.009074401525013506,-0.014074401525013505
2025-11-07,0.49300000071525574,0.46000000834465027,0.4959999918937683,0.48500001430511475,0.4790000021457672,1505400,6.69371041028972,0.39717591933007235,-1.6227152938203708,0.6944449273526667,-0.012371158726549874,-0.017371158726549873
2025-11-19,0.5049999952316284,0.4399999976158142,0.5049999952316284,0.44200000166893005,0.4580000042915344,1780600,12.871286778131683,0.5958521914450403,-12.475246367834549,0.030769294253470136,0.03619910081943575,0.031199100819435752
2025-11-21,0.4580000042915344,0.41100001335144043,0.46000000834465027,0.4519999921321869,0.4410000145435333,836000,10.262006659322367,0.48575138941747603,-1.3100463107262983,0.8367343463285664,-0.02433623402682855,-0.029336234026828552
2025-11-25,0.44200000166893005,0.38600000739097595,0.44200000166893005,0.4009999930858612,0.4059999883174896,1842600,12.66968191549909,1.207134317113517,-9.27602000639334,0.2678569147781217,0.012468816253963951,0.007468816253963951
2025-12-02,0.4659999907016754,0.4359999895095825,0.4749999940395355,0.4399999976158142,0.4490000009536743,854700,6.4377686246132,0.6240007008782881,-5.579397769238566,0.10256429850308302,0.020454553151426278,0.015454553151426277
2025-12-10,0.44999998807907104,0.41999998688697815,0.45100000500679016,0.44200000166893005,0.4399999976158142,1552300,6.6666671081825655,1.1914237141135702,-1.7777748049040583,0.7096774813783662,-0.004524896030688031,-0.00952489603068803
2026-01-05,0.41999998688697815,0.3919999897480011,0.44999998807907104,0.40799999237060547,0.40799999237060547,1932400,6.666666193613915,1.7005773021684032,-2.857141640721497,0.2758621221206717,0.0,-0.005
2026-01-06,0.40799999237060547,0.3790000081062317,0.4090000092983246,0.38999998569488525,0.39399999380111694,1101300,7.107839413396786,0.9491429014659876,-4.411766424586099,0.3666659050517915,0.010256431417823378,0.005256431417823378
2026-01-09,0.40799999237060547,0.38100001215934753,0.40799999237060547,0.38100001215934753,0.39500001072883606,515700,6.617642332388229,0.463454746434445,-6.617642332388229,0.0,0.03674540189681998,0.031745401896819986
2026-01-15,0.41499999165534973,0.3840000033378601,0.41499999165534973,0.3840000033378601,0.38499999046325684,1948700,7.469876853210776,1.234577286996297,-7.469876853210776,0.0,0.0026041331164179597,-0.0023958668835820404
2026-01-26,0.4399999976158142,0.4099999964237213,0.4399999976158142,0.41600000858306885,0.41600000858306885,1745300,6.818182126057051,1.1586861628852634,-5.45454299154359,0.2000003973642827,0.0,-0.005
2026-01-29,0.44999998807907104,0.42100000381469727,0.4699999988079071,0.43299999833106995,0.4230000078678131,3247900,6.444441118358006,1.8701452746860443,-3.777775599632677,0.24489787229642732,-0.023094666285912745,-0.028094666285912746
2026-02-02,0.4000000059604645,0.36000001430511475,0.4000000059604645,0.37299999594688416,0.37400001287460327,2059500,9.999997764825855,1.0868274611932147,-6.750002402812207,0.32499960884443707,0.0026810105592106237,-0.0023189894407893764
2026-02-04,0.3970000147819519,0.3619999885559082,0.4000000059604645,0.37299999594688416,0.35899999737739563,2549500,8.816127184596478,1.3278472936550305,-6.045344569634213,0.2894737461266802,-0.037533508637040705,-0.0425335086370407
2026-02-10,0.4020000100135803,0.3700000047683716,0.4020000100135803,0.3720000088214874,0.38100001215934753,352600,7.960200111469579,0.1857554150126831,-7.462686677813625,0.06250011641530274,0.024193556786120833,0.019193556786120832
2026-02-12,0.38999998569488525,0.35100001096725464,0.38999998569488525,0.3569999933242798,0.3449999988079071,889000,9.999993886702875,0.5696618233663874,-8.461536815650774,0.15384580115571952,-0.033613430646404874,-0.03861343064640487
2026-03-02,0.5699999928474426,0.4650000035762787,0.5860000252723694,0.49799999594688416,0.6809999942779541,96648400,18.421050980480732,16.192008738635877,-12.631578562112173,0.27272716077266324,0.3674698791575661,0.3624698791575661
2026-03-03,0.6809999942779541,0.6039999723434448,0.75,0.6399999856948853,0.5360000133514404,197826100,11.30690493120346,12.554628115039291,-6.020559313886639,0.24657538720557964,-0.1624999604187897,-0.1674999604187897
2026-03-04,0.5360000133514404,0.48399999737739563,0.5609999895095825,0.5120000243186951,0.5109999775886536,23935400,9.701495275887208,1.41589999245773,-4.47760978263432,0.3636367506795511,-0.001953216176839522,-0.006953216176839522
2026-03-06,0.7319999933242798,0.6510000228881836,0.8230000138282776,0.6700000166893005,0.9269999861717224,83140600,11.065569832623316,3.6239986836183498,-8.469942240493019,0.11046508605767581,0.38358203444881495,0.37858203444881494
2026-03-09,0.9269999861717224,0.7699999809265137,1.25,0.800000011920929,0.906000018119812,350645900,16.936354648027493,8.67440697186555,-13.700105301540674,0.06250006208816918,0.13250000577419987,0.12750000577419987
2026-03-10,0.906000018119812,0.6800000071525574,0.9279999732971191,0.8360000252723694,0.8320000171661377,70637300,24.944813073653577,1.6082040666760846,-7.72626837168403,0.62903241699992,-0.004784698547022751,-0.009784698547022751
2026-03-11,0.8320000171661377,0.75,0.9399999976158142,0.8899999856948853,1.0299999713897705,42457900,9.85577109065895,0.9224291284764436,6.971149919719996,0.7368420392192293,0.15730335724171665,0.15230335724171665
2026-03-13,1.4600000381469727,1.2999999523162842,1.5800000429153442,1.5299999713897705,1.2999999523162842,142453300,10.958909702068233,2.263214215611082,4.794515850262685,0.8214283737601705,-0.15032681266298753,-0.15532681266298753
2026-03-16,1.2999999523162842,1.1799999475479126,1.4600000381469727,1.340000033378601,1.1399999856948853,61436800,9.230769936149668,0.9309237255101767,3.0769294253470134,0.5714286930706642,-0.14925376321032388,-0.15425376321032389
2026-03-17,1.1399999856948853,0.9509999752044678,1.159999966621399,1.0299999713897705,1.1200000047683716,45464700,16.5789484966715,0.666247947865113,-9.649124182932722,0.37799042789292153,0.08737867561021848,0.08237867561021847
2026-03-18,1.1200000047683716,0.9599999785423279,1.190000057220459,1.0399999618530273,1.1100000143051147,62462300,14.285716566504256,0.8762432014216894,-7.1428609441737585,0.3478258954104698,0.06730774521122511,0.06230774521122511
2026-03-19,1.1100000143051147,1.0,1.1200000047683716,1.059999942779541,1.0199999809265137,24893900,9.9099110709451,0.3437474518999842,-4.504510890198043,0.4999995032946466,-0.03773581510593208,-0.04273581510593208
2026-03-20,1.0199999809265137,0.9340000152587891,1.0299999713897705,1.0299999713897705,0.9205999970436096,23333000,8.431369340772617,0.31730990609895127,0.9803912402207475,1.0,-0.10621357027665583,-0.11121357027665583
