ticker,adv_shares,last_price,slip_500_pct,vs_flat_500,slip_1k_pct,vs_flat_1k,slip_5k_pct,vs_flat_5k
ABLV,1099888.95,0.7305,2.856,2.656,2.664,2.464,4.233,4.033
ABTS,49572.5,1.52,5.713,5.513,6.705,6.505,10.0,9.8
ACXP,252896.0,2.34,3.093,2.893,3.0,2.8,4.985,4.785
ADVB,786582.65,4.55,2.216,2.016,1.76,1.56,2.211,2.011
AEHL,423342.4,0.7365,3.642,3.442,3.777,3.577,6.721,6.521
AFJK,40821.05,44.41,2.47,2.27,2.119,1.919,3.015,2.815
AGAE,30569363.05,0.64,1.893,1.693,1.302,1.102,1.188,0.988
AGPU,5030718.8,3.4609,1.901,1.701,1.314,1.114,1.215,1.015
AGRZ,870601.7,0.3534,3.656,3.456,3.796,3.596,6.763,6.563
AI,3953052.727272727,8.765000343322754,1.83,1.63,1.214,1.014,0.991,0.791
AIB,5326138.3,1.6533,2.009,1.809,1.468,1.268,1.557,1.357
AIDX,241853.05,1.83,3.288,3.088,3.276,3.076,5.601,5.401
AIFF,7749644.55,1.77,1.942,1.742,1.372,1.172,1.344,1.144
AIM,380994.7,0.5446,4.094,3.894,4.416,4.216,8.151,7.951
AIOS,3520622.65,0.6119,2.402,2.202,2.022,1.822,2.798,2.598
AIRS,1626286.4,2.7,2.174,1.974,1.7,1.5,2.076,1.876
AIXI,133521740.05,0.8432,1.743,1.543,1.09,0.89,0.714,0.514
AKTX,124456.1,4.6156,3.115,2.915,3.031,2.831,5.054,4.854
ALBT,800189.55,0.42,3.569,3.369,3.672,3.472,6.488,6.288
ALLO,14764027.7,2.3503,1.828,1.628,1.211,1.011,0.984,0.784
ALOT,58349.8,11.634900093078613,2.875,2.675,2.691,2.491,4.294,4.094
ALTS,2639852.1,0.9244,2.356,2.156,1.957,1.757,2.652,2.452
AMC,31607670.35,1.8695,1.785,1.585,1.15,0.95,0.847,0.647
ANNA,6520452.8,3.84,1.863,1.663,1.261,1.061,1.096,0.896
ANTX,363029.7,3.56,2.623,2.423,2.336,2.136,3.499,3.299
ARAI,25114588.25,0.8676,1.873,1.673,1.275,1.075,1.127,0.927
ARBE,1063066.75,0.8298,2.83,2.63,2.628,2.428,4.153,3.953
ARTL,6487496.55,5.079999923706055,1.835,1.635,1.22,1.02,1.005,0.805
ASNS,9236774.2,0.11500000208616257,2.725,2.525,2.479,2.279,3.819,3.619
ASPC,18138.4,11.6,4.077,3.877,4.392,4.192,8.097,7.897
ASTC,5828923.8,2.92,1.904,1.704,1.319,1.119,1.224,1.024
ATAI,4577267.1,5.235000133514404,1.866,1.666,1.265,1.065,1.105,0.905
ATCH,3616664.85,0.2694,2.773,2.573,2.547,2.347,3.971,3.771
ATOM,662129.1,5.35,2.234,2.034,1.785,1.585,2.267,2.067
ATPC,286786.35,2.54,2.95,2.75,2.798,2.598,4.531,4.331
ATRA,225295.15,5.27,2.666,2.466,2.396,2.196,3.634,3.434
AUUD,114812.85,4.6442,3.171,2.971,3.11,2.91,5.231,5.031
AZI,122958.6,1.61,4.153,3.953,4.499,4.299,8.335,8.135
AZTR,3043591.35,0.2122,3.031,2.831,2.912,2.712,4.788,4.588
BACK,467.3333333333333,0.05620000138878822,10.0,9.8,10.0,9.8,10.0,9.8
BATL,13488819.55,3.33,1.807,1.607,1.181,0.981,0.917,0.717
BBAI,24508027.85,3.7793,1.756,1.556,1.109,0.909,0.756,0.556
BBGI,3514653.1,19.74,1.771,1.571,1.13,0.93,0.803,0.603
BCG,1694739.05,1.9303,2.243,2.043,1.797,1.597,2.294,2.094
BDMD,355832.6,1.76,3.053,2.853,2.943,2.743,4.857,4.657
BDRX,6720381.9,3.48,1.871,1.671,1.272,1.072,1.12,0.92
BE,10131000.875,157.08999633789062,1.668,1.468,0.985,0.785,0.477,0.277
BFRG,33479853.9,1.0,1.828,1.628,1.211,1.011,0.985,0.785
BHAT,228810577.5,1.190000057220459,1.705,1.505,1.036,0.836,0.593,0.393
BIAF,5469501.05,2.8232,1.925,1.725,1.347,1.147,1.289,1.089
BIRD,16399074.9,11.2578,1.72,1.52,1.058,0.858,0.643,0.443
BIYA,66865.8,1.02,5.921,5.721,6.999,6.799,10.0,9.8
BJDX,377224.95,2.04,2.914,2.714,2.747,2.547,4.419,4.219
BNAI,534826.35,35.18,1.898,1.698,1.31,1.11,1.204,1.004
BRTX,2255740.8,0.262,3.123,2.923,3.043,2.843,5.079,4.879
BTAI,1005628.9,1.14,2.684,2.484,2.422,2.222,3.691,3.491
BTBD,2352745.55,2.1,2.132,1.932,1.64,1.44,1.944,1.744
BTC,2909284.9,33.2298,1.755,1.555,1.107,0.907,0.752,0.552
BTM,504947.85,5.2,2.317,2.117,1.903,1.703,2.531,2.331
BTOG,1562593.7,2.201,2.228,2.028,1.776,1.576,2.248,2.048
BURU,28533062.4,0.2014,2.106,1.906,1.605,1.405,1.864,1.664
BYND,38983079.45,0.8344,1.836,1.636,1.222,1.022,1.009,0.809
BZAI,12662831.75,2.4,1.839,1.639,1.226,1.026,1.017,0.817
CAPS,8951081.55,0.39,2.223,2.023,1.77,1.57,2.234,2.034
CAPT,4705110.0,0.0592,3.697,3.497,3.855,3.655,6.895,6.695
CCHH,113038.15,0.5684,6.051,5.851,7.183,6.983,10.0,9.8
CDIO,115607.15,2.05,3.937,3.737,4.193,3.993,7.651,7.451
CDT,129172.2,3.56,3.289,3.089,3.277,3.077,5.603,5.403
CDTG,185780.1,0.3673,5.92,5.72,6.998,6.798,10.0,9.8
CETX,9552408.05,1.19,1.964,1.764,1.403,1.203,1.412,1.212
CF,3951232.4,114.8554,1.692,1.492,1.019,0.819,0.555,0.355
CHNR,34649.0,3.9,4.681,4.481,5.246,5.046,10.0,9.8
CHOW,1632000.7,0.4216,2.958,2.758,2.809,2.609,4.557,4.357
CIIT,1064401.25,1.62,2.471,2.271,2.121,1.921,3.018,2.818
CISS,100867.6,0.8099,5.552,5.352,6.477,6.277,10.0,9.8
CLIK,2008172.3,2.75,2.116,1.916,1.618,1.418,1.893,1.693
CMCT,10925096.1,6.39,1.775,1.575,1.136,0.936,0.815,0.615
CMND,9961659.1,1.2700999975204468,1.946,1.746,1.378,1.178,1.358,1.158
CMTX,0.0,5.2,1.64,1.44,0.945,0.745,0.389,0.189
CNET,9655.45,0.694,10.0,9.8,10.0,9.8,10.0,9.8
CNEY,164012.15,0.5112,5.501,5.301,6.406,6.206,10.0,9.8
COCP,10061086.5,1.4948,1.921,1.721,1.342,1.142,1.278,1.078
CODX,482341.8,1.56,2.929,2.729,2.768,2.568,4.465,4.265
CRE,1239909.85,2.36,2.294,2.094,1.869,1.669,2.456,2.256
CREG,25053850.5,0.6301,1.921,1.721,1.343,1.143,1.279,1.079
CRML,9958205.1,12.9595,1.738,1.538,1.084,0.884,0.7,0.5
CRMX,299975.0,30.05,2.012,1.812,1.472,1.272,1.567,1.367
CRNT,418747.3,2.5199,2.728,2.528,2.484,2.284,3.831,3.631
CTMX,3984008.7,4.7808,1.896,1.696,1.307,1.107,1.199,0.999
CTNT,75169962.55,0.0791,2.087,1.887,1.577,1.377,1.802,1.602
CUPR,2507365.95,0.34,2.821,2.621,2.615,2.415,4.124,3.924
CURV,460082.25,2.2,2.751,2.551,2.517,2.317,3.903,3.703
CVGI,471498.7,4.03,2.451,2.251,2.092,1.892,2.954,2.754
CYCN,13596243.75,2.91,1.813,1.613,1.19,0.99,0.937,0.737
CYCU,2268292.5,1.09,2.335,2.135,1.927,1.727,2.585,2.385
CYN,472367.6,1.6097,2.922,2.722,2.758,2.558,4.444,4.244
DARE,708110.95,2.95,2.396,2.196,2.014,1.814,2.78,2.58
DCX,8567.7,1.85,10.0,9.8,10.0,9.8,10.0,9.8
DD,3092956.6,44.88999938964844,1.741,1.541,1.087,0.887,0.707,0.507
DEFT,10468304.6,0.7807,2.026,1.826,1.49,1.29,1.608,1.408
DKI,11388580.8,0.3979,2.152,1.952,1.669,1.469,2.008,1.808
DLXY,4627482.65,0.616,2.302,2.102,1.881,1.681,2.483,2.283
DOMO,1225824.55,3.7,2.165,1.965,1.687,1.487,2.049,1.849
DRMA,269818.75,1.41,3.453,3.253,3.508,3.308,6.121,5.921
DTCK,3627737.4545454546,1.0,2.217,2.017,1.761,1.561,2.214,2.014
DTREF,731317.35,0.25200000405311584,4.244,4.044,4.628,4.428,8.625,8.425
DVLT,36234386.95,0.7436,1.855,1.655,1.25,1.05,1.07,0.87
DXST,124057.1,2.53,3.636,3.436,3.767,3.567,6.7,6.5
EDBL,609593.75,0.9102,3.104,2.904,3.016,2.816,5.02,4.82
EDSA,322359.35,5.8102,2.457,2.257,2.1,1.9,2.972,2.772
EEIQ,7026015.35,3.8742,1.849,1.649,1.24,1.04,1.05,0.85
EFOI,8202297.35,5.8562,1.797,1.597,1.167,0.967,0.886,0.686
ELAB,19694721.15,3.29,1.779,1.579,1.141,0.941,0.828,0.628
ELPW,1635793.2,1.76,2.299,2.099,1.877,1.677,2.473,2.273
ENSC,246557.0,0.5075,4.801,4.601,5.415,5.215,10.0,9.8
ENVB,5951191.55,4.550300121307373,1.849,1.649,1.241,1.041,1.051,0.851
EONR,11952710.4,0.6548,2.04,1.84,1.51,1.31,1.653,1.453
EPSM,14245.7,1.4,9.557,9.357,10.0,9.8,10.0,9.8
ERNA,648625.35,0.2075,4.688,4.488,5.255,5.055,10.0,9.8
EVAX,26399.1,4.36,4.935,4.735,5.605,5.405,10.0,9.8
FATN,350153.8,2.11,2.943,2.743,2.788,2.588,4.51,4.31
FCHL,3578024.85,0.4709,2.48,2.28,2.133,1.933,3.046,2.846
FCUV,2721517.05,1.97,2.111,1.911,1.611,1.411,1.877,1.677
FEED,8005855.4,1.5801,1.947,1.747,1.379,1.179,1.358,1.158
FFAI,38509596.5,0.307,2.017,1.817,1.479,1.279,1.582,1.382
FGL,193205.4,1.9421,3.465,3.265,3.526,3.326,6.161,5.961
FLYX,646903.3,3.02,2.44,2.24,2.076,1.876,2.918,2.718
FMFC,367945.75,0.42,4.766,4.566,5.365,5.165,10.0,9.8
FNKO,611281.7,4.3881,2.328,2.128,1.918,1.718,2.564,2.364
FNUC,277581.35,2.67,2.957,2.757,2.808,2.608,4.554,4.354
FRMM,2285103.05,3.7368,2.014,1.814,1.474,1.274,1.571,1.371
FSLY,13178717.3,24.65,1.702,1.502,1.033,0.833,0.585,0.385
FUSE,6717728.25,1.775,1.956,1.756,1.391,1.191,1.387,1.187
GAME,17138267.5,0.3967,2.058,1.858,1.537,1.337,1.712,1.512
GBR,1347229.0,0.7598,2.745,2.545,2.508,2.308,3.883,3.683
GCTK,2584169.2,0.7915,2.422,2.222,2.051,1.851,2.861,2.661
GFAI,227327.4,0.5932,4.685,4.485,5.251,5.051,10.0,9.8
GLMD,9151255.4,0.7525,2.055,1.855,1.532,1.332,1.703,1.503
GLND,2103004.882352941,6.02,1.985,1.785,1.433,1.233,1.481,1.281
GME,5987786.95,24.28,1.732,1.532,1.075,0.875,0.681,0.481
GMEX,2995345.05,0.475,2.577,2.377,2.271,2.071,3.353,3.153
GNLN,372873.9,4.7001,2.471,2.271,2.12,1.92,3.017,2.817
GOAI,63725.7,4.25,3.788,3.588,3.983,3.783,7.183,6.983
GPRO,7564371.7,1.23,2.003,1.803,1.459,1.259,1.538,1.338
GPUS,43302551.2,0.1525,2.075,1.875,1.56,1.36,1.765,1.565
GRCE,903794.6,4.85,2.174,1.974,1.7,1.5,2.078,1.878
GRO,733295.1,3.07,2.385,2.185,1.999,1.799,2.745,2.545
GUTS,1838687.45,0.5571,2.745,2.545,2.507,2.307,3.882,3.682
GV,46682056.55,0.2217,1.981,1.781,1.427,1.227,1.466,1.266
GXAI,705093.25,1.25,2.831,2.631,2.629,2.429,4.155,3.955
HCAI,25229691.15,4.85,1.739,1.539,1.084,0.884,0.701,0.501
HCTI,413469.4,2.45,2.751,2.551,2.516,2.316,3.902,3.702
HCWB,656376.9,0.4429,3.714,3.514,3.878,3.678,6.946,6.746
HGRAF,482545.75,5.5,2.326,2.126,1.916,1.716,2.559,2.359
HIMS,24686494.95,28.5582,1.682,1.482,1.005,0.805,0.522,0.322
HIMZ,1115703.5,40.83,1.806,1.606,1.179,0.979,0.913,0.713
HIT,1810825.4,1.7999999523162842,2.195,1.995,1.731,1.531,2.145,1.945
HMENF,12729.052631578947,1.93,8.851,8.651,10.0,9.8,10.0,9.8
HOTH,5545306.6,0.6901,2.197,1.997,1.733,1.533,2.152,1.952
HOUR,8773.78947368421,1.8562999963760376,10.0,9.8,10.0,9.8,10.0,9.8
HUBC,78934751.55,7.2756,1.687,1.487,1.011,0.811,0.537,0.337
HWH,105676.0,1.16,4.751,4.551,5.344,5.144,10.0,9.8
HXHX,1532250.75,0.63,2.778,2.578,2.554,2.354,3.987,3.787
IBG,427294.25,1.29,3.146,2.946,3.075,2.875,5.151,4.951
IBO,180324.05,0.65,4.906,4.706,5.563,5.363,10.0,9.8
IBRX,19981787.45,7.64,1.73,1.53,1.073,0.873,0.675,0.475
IMMP,38168844.75,0.5423,1.88,1.68,1.284,1.084,1.147,0.947
INDO,1228493.85,3.24,2.2,2.0,1.738,1.538,2.161,1.961
INKT,66751.75,14.4424,2.779,2.579,2.555,2.355,3.99,3.79
IPI,351759.25,35.6786,1.956,1.756,1.391,1.191,1.387,1.187
IPST,9234484.4,0.3929,2.213,2.013,1.755,1.555,2.201,2.001
IPW,2249526.65,1.11,2.348,2.148,1.946,1.746,2.626,2.426
ISPC,53889904.05,0.1204,2.079,1.879,1.566,1.366,1.777,1.577
IT,1324171.4,155.3800048828125,1.716,1.516,1.053,0.853,0.63,0.43
ITOC,6518278.6,0.3183,2.397,2.197,2.015,1.815,2.781,2.581
IVDA,475463.45,0.2899,4.651,4.451,5.204,5.004,9.912,9.712
JAGU,479190.55,3.0,2.628,2.428,2.343,2.143,3.515,3.315
JCSE,1979862.55,1.48,2.277,2.077,1.845,1.645,2.402,2.202
JDZG,1291745.1,1.1424,2.56,2.36,2.247,2.047,3.299,3.099
JEM,22138765.65,1.58,1.825,1.625,1.206,1.006,0.973,0.773
JTAI,20091771.75,8.6,1.725,1.525,1.065,0.865,0.658,0.458
JUST,5390.8,90.43080139160156,3.213,3.013,3.169,2.969,5.362,5.162
JWEL,6264.55,2.399,10.0,9.8,10.0,9.8,10.0,9.8
JZXN,67871.45,1.0,5.932,5.732,7.014,6.814,10.0,9.8
KALA,2701328.55,0.1934,3.187,2.987,3.133,2.933,5.28,5.08
KALV,1056742.25,20.5,1.877,1.677,1.281,1.081,1.139,0.939
KEY,15749007.555555556,19.420000076293945,1.704,1.504,1.036,0.836,0.593,0.393
KIDZ,5478621.25,1.63,2.014,1.814,1.474,1.274,1.572,1.372
KITT,1788530.1,0.4095,2.946,2.746,2.793,2.593,4.52,4.32
KNRX,62325.85,1.28,5.598,5.398,6.543,6.343,10.0,9.8
KOD,1805553.5,43.7087,1.763,1.563,1.119,0.919,0.779,0.579
KRKNF,272428.05,6.440000057220459,2.484,2.284,2.139,1.939,3.058,2.858
KRNT,207748.05263157896,16.37,2.251,2.051,1.809,1.609,2.321,2.121
KXIN,18368.95,6.2878,4.93,4.73,5.597,5.397,10.0,9.8
KYTX,596067.15,10.2,2.093,1.893,1.585,1.385,1.821,1.621
LASE,1869906.35,1.0826,2.429,2.229,2.061,1.861,2.884,2.684
LGVN,858749.45,1.09,2.796,2.596,2.579,2.379,4.043,3.843
LHSW,1016706.0,0.2048,4.057,3.857,4.363,4.163,8.032,7.832
LIDR,1032084.6,1.7684,2.468,2.268,2.115,1.915,3.006,2.806
LIMN,7041243.25,0.2134,2.552,2.352,2.235,2.035,3.273,3.073
LNAI,23057598.85,0.3325,2.044,1.844,1.516,1.316,1.666,1.466
LNKS,128859375.5,2.0156,1.709,1.509,1.042,0.842,0.607,0.407
LNZA,44187.35,23.5,2.737,2.537,2.497,2.297,3.859,3.659
LRHC,7349264.5,2.75,1.883,1.683,1.288,1.088,1.156,0.956
LSTA,97134.65,3.3864,3.589,3.389,3.702,3.502,6.554,6.354
LTRN,1559399.55,2.38,2.206,2.006,1.745,1.545,2.178,1.978
LUNR,16200134.15,27.4,1.693,1.493,1.02,0.82,0.557,0.357
LWLG,6694799.0,12.32,1.763,1.563,1.119,0.919,0.778,0.578
MAMO,2278218.25,1.17,2.308,2.108,1.89,1.69,2.501,2.301
MASK,7327471.7,1.68,1.951,1.751,1.384,1.184,1.372,1.172
MAXN,5451510.95,1.58,2.012,1.812,1.471,1.271,1.566,1.366
MDAI,595357.05,1.88,2.697,2.497,2.44,2.24,3.731,3.531
MDCX,6914654.7,0.3264,2.384,2.184,1.997,1.797,2.742,2.542
MEHA,2716503.05,0.1224,3.579,3.379,3.687,3.487,6.52,6.32
MGRX,16910469.1,0.4368,2.051,1.851,1.527,1.327,1.69,1.49
MIGI,1321583.5,6.83,2.003,1.803,1.458,1.258,1.537,1.337
MIMI,19943809.5,0.3196,2.083,1.883,1.571,1.371,1.789,1.589
MIST,3052293.95,2.09,2.087,1.887,1.577,1.377,1.802,1.602
MKDW,464707.75,7.87,2.21,2.01,1.751,1.551,2.191,1.991
MLEC,544741.5,7.28,2.201,2.001,1.739,1.539,2.164,1.964
MLTX,1183621.5,18.3,1.88,1.68,1.285,1.085,1.149,0.949
MNDR,147366.65,0.8345,4.828,4.628,5.454,5.254,10.0,9.8
MNTS,3102869.55,7.29,1.87,1.67,1.27,1.07,1.116,0.916
MOBX,9018141.05,2.59,1.871,1.671,1.272,1.072,1.121,0.921
MOS,8062953.15,24.49,1.72,1.52,1.058,0.858,0.641,0.441
MRNO,332384.6,0.4451,4.549,4.349,5.059,4.859,9.588,9.388
MTEN,24448.7,1.2804,7.959,7.759,9.882,9.682,10.0,9.8
MVIS,3186631.85,0.6497,2.417,2.217,2.044,1.844,2.846,2.646
MYSE,17265776.7,3.46,1.781,1.581,1.144,0.944,0.835,0.635
NAKA,3887712.0,0.2561,2.76,2.56,2.53,2.33,3.932,3.732
NAMM,522092.1,2.104,2.707,2.507,2.454,2.254,3.762,3.562
NBY,779571.2142857143,1.95,2.873,2.673,2.689,2.489,4.288,4.088
NCI,6784519.0,0.696,2.155,1.955,1.673,1.473,2.016,1.816
NFE,9547816.15,0.6888,2.076,1.876,1.562,1.362,1.768,1.568
NIXX,1349125.9,0.68,2.794,2.594,2.578,2.378,4.039,3.839
NPT,1270628.35,3.8,2.149,1.949,1.665,1.465,1.998,1.798
NTLA,2578161.85,14.82,1.821,1.621,1.201,1.001,0.962,0.762
NXPL,212331.95,5.25,2.699,2.499,2.443,2.243,3.738,3.538
NXTT,3985222.7,1.89,2.038,1.838,1.507,1.307,1.646,1.446
OBAI,929918.85,0.7009,3.025,2.825,2.903,2.703,4.768,4.568
OLB,858783.75,0.4534,3.432,3.232,3.479,3.279,6.055,5.855
OLOX,508006.85,0.61,3.648,3.448,3.785,3.585,6.74,6.54
OMEX,15497161.5,1.05,1.911,1.711,1.328,1.128,1.245,1.045
ON,5400512.0,59.29999923706055,1.703,1.503,1.034,0.834,0.588,0.388
ONCO,17133395.8,0.7478,1.945,1.745,1.376,1.176,1.352,1.152
ONDS,53921147.85,9.78,1.689,1.489,1.014,0.814,0.543,0.343
ONFO,14106088.6,1.2403,1.907,1.707,1.323,1.123,1.234,1.034
ONMD,304642.3,0.89,3.787,3.587,3.982,3.782,7.179,6.979
OPTT,3386252.35,0.38,2.626,2.426,2.339,2.139,3.506,3.306
OPTX,1158073.45,9.16,1.983,1.783,1.43,1.23,1.475,1.275
ORBS,29631082.35,1.03,1.842,1.642,1.231,1.031,1.029,0.829
ORGO,1902757.7,2.4848,2.143,1.943,1.656,1.456,1.98,1.78
ORIS,360760.7,0.6001,4.107,3.907,4.434,4.234,8.191,7.991
PAVS,25832898.75,1.64,1.812,1.612,1.188,0.988,0.932,0.732
PBM,5528385.75,13.079099655151367,1.771,1.571,1.131,0.931,0.805,0.605
PFSA,12637709.45,0.6899,2.009,1.809,1.467,1.267,1.556,1.356
PHIO,216948.35,1.3,3.745,3.545,3.922,3.722,7.046,6.846
PLYX,336082.8,6.2203,2.413,2.213,2.039,1.839,2.834,2.634
PM,4642977.2,174.6999969482422,1.678,1.478,0.999,0.799,0.51,0.31
PMAX,7557725.95,2.28,1.931,1.731,1.356,1.156,1.309,1.109
PMNT,29424061.05,0.3396,1.994,1.794,1.445,1.245,1.507,1.307
POLA,1863648.9,1.75,2.259,2.059,1.821,1.621,2.347,2.147
POWW,422602.7,2.01,2.853,2.653,2.661,2.461,4.225,4.025
PRE,159850.95,17.78499984741211,2.303,2.103,1.883,1.683,2.486,2.286
PRSO,569471.85,0.9744,3.141,2.941,3.068,2.868,5.135,4.935
PRZO,802914.35,0.685,3.148,2.948,3.077,2.877,5.156,4.956
PTLE,547693.55,6.8,2.219,2.019,1.764,1.564,2.221,2.021
QNCX,101672222.9,1.2468,1.737,1.537,1.082,0.882,0.696,0.496
QURE,1325977.6,17.5276,1.872,1.672,1.273,1.073,1.122,0.922
RAYA,22611763.15,4.65,1.749,1.549,1.099,0.899,0.734,0.534
RBNE,13090726.7,1.98,1.86,1.66,1.256,1.056,1.083,0.883
RCKT,3998048.25,3.85,1.923,1.723,1.345,1.145,1.284,1.084
RCT,8704490.6,0.725,2.074,1.874,1.559,1.359,1.761,1.561
RECT,6556205.25,1.63,1.973,1.773,1.416,1.216,1.443,1.243
RENX,6652050.9,2.406,1.919,1.719,1.34,1.14,1.273,1.073
RETO,1323173.15,1.03,2.598,2.398,2.299,2.099,3.418,3.218
RILY,703817.9,7.67,2.123,1.923,1.628,1.428,1.915,1.715
RIME,712256.75,1.12,2.892,2.692,2.715,2.515,4.347,4.147
RIVN,20329176.6,17.01,1.7,1.5,1.03,0.83,0.579,0.379
RKLB,21567706.85,84.97,1.666,1.466,0.982,0.782,0.472,0.272
RKT,22516348.35,16.51,1.698,1.498,1.027,0.827,0.572,0.372
RMSG,38468440.9,2.564,1.753,1.553,1.104,0.904,0.745,0.545
ROLR,4958949.65,7.32,1.826,1.626,1.207,1.007,0.976,0.776
ROMA,393185.15,5.2587,2.418,2.218,2.045,1.845,2.848,2.648
RPAY,2567217.65,4.07,1.98,1.78,1.426,1.226,1.465,1.265
RPGL,1691661.9,0.4655,2.9,2.7,2.727,2.527,4.373,4.173
RR,6909378.8,2.36,1.917,1.717,1.337,1.137,1.265,1.065
RUBI,556492.6,3.58,2.432,2.232,2.065,1.865,2.894,2.694
RVVTF,152215.2,0.033,10.0,9.8,10.0,9.8,10.0,9.8
RXT,7033291.9,1.4016,1.996,1.796,1.449,1.249,1.515,1.315
RZLV,20482424.3,2.69,1.789,1.589,1.156,0.956,0.86,0.66
SAFX,17794807.0,0.4499,2.035,1.835,1.504,1.304,1.639,1.439
SBEV,2117407.05,0.3362,2.965,2.765,2.819,2.619,4.579,4.379
SCNX,785654.5,0.3824,3.68,3.48,3.83,3.63,6.839,6.639
SEE,3177417.8,41.97999954223633,1.756,1.556,1.109,0.909,0.755,0.555
SEED,55764.9,1.31,5.777,5.577,6.795,6.595,10.0,9.8
SEGG,1374231.55,0.5977,2.874,2.674,2.69,2.49,4.29,4.09
SELX,4923153.1,0.4129,2.404,2.204,2.026,1.826,2.806,2.606
SER,1107726.0,2.03,2.386,2.186,1.999,1.799,2.747,2.547
SGLY,464184.05,0.39,4.205,4.005,4.572,4.372,8.5,8.3
SGN,43032953.11111111,0.556274,1.858,1.658,1.253,1.053,1.077,0.877
SHAZ,208650.1,36.96,2.043,1.843,1.514,1.314,1.662,1.462
SHPH,205441.15,0.9391,4.128,3.928,4.464,4.264,8.258,8.058
SIDU,27302639.4,4.8595,1.735,1.535,1.08,0.88,0.691,0.491
SKYQ,24417709.15,9.039899826049805,1.715,1.515,1.051,0.851,0.627,0.427
SLAI,75862.45,0.85,6.043,5.843,7.172,6.972,10.0,9.8
SLND,800150.95,1.1344,2.811,2.611,2.6,2.4,4.091,3.891
SLNH,3563470.95,1.08,2.203,2.003,1.742,1.542,2.171,1.971
SLS,4952775.55,5.2597,1.859,1.659,1.255,1.055,1.082,0.882
SMSI,92089.45,0.745,5.908,5.708,6.982,6.782,10.0,9.8
SMX,1985457.15,4.88,1.999,1.799,1.453,1.253,1.525,1.325
SNAL,44745594.4,0.7814,1.824,1.624,1.206,1.006,0.972,0.772
SNSE,52519.7,30.42,2.525,2.325,2.196,1.996,3.186,2.986
SNYR,2732925.25,0.5215,2.553,2.353,2.236,2.036,3.276,3.076
SOAR,8371784.45,0.2161,2.471,2.271,2.121,1.921,3.018,2.818
SOC,5631796.95,13.52,1.768,1.568,1.126,0.926,0.794,0.594
SOPA,2626478.35,0.51,2.606,2.406,2.311,2.111,3.444,3.244
SOUN,19652785.95,7.94,1.73,1.53,1.072,0.872,0.672,0.472
SPY,67694527.15,708.6102,1.645,1.445,0.952,0.752,0.405,0.205
SRXH,25447453.8,0.1256,2.265,2.065,1.829,1.629,2.367,2.167
SSL,2390193.15,12.46,1.845,1.645,1.235,1.035,1.037,0.837
SST,6616180.1,2.4524,1.911,1.711,1.328,1.128,1.245,1.045
STAK,716497.9,0.9247,3.014,2.814,2.888,2.688,4.733,4.533
STFS,6538.210526315789,4.02,8.628,8.428,10.0,9.8,10.0,9.8
SUNE,679392.85,1.4,2.786,2.586,2.566,2.366,4.014,3.814
SVCO,312870.55,8.4119,2.329,2.129,1.92,1.72,2.568,2.368
SXTC,96503.6,2.0032,4.183,3.983,4.541,4.341,8.43,8.23
SXTP,300355.65,1.7315,3.19,2.99,3.138,2.938,5.292,5.092
SYNX,177074.05,1.27,3.998,3.798,4.279,4.079,7.844,7.644
TH,1066714.4,14.58,1.919,1.719,1.34,1.14,1.272,1.072
TLYS,488685.85,5.17,2.343,2.143,1.94,1.74,2.613,2.413
TMDE,6231838.8,1.2079,2.048,1.848,1.521,1.321,1.678,1.478
TNYA,2638986.8,0.7758,2.421,2.221,2.05,1.85,2.86,2.66
TOP,1983170.1,0.8489999771118164,2.502,2.302,2.164,1.964,3.114,2.914
TOVX,32783879.65,0.41780000925064087,1.942,1.742,1.372,1.172,1.344,1.144
TPET,13200123.4,0.4782,2.085,1.885,1.574,1.374,1.796,1.596
TRAW,183613.45,1.23,3.946,3.746,4.207,4.007,7.682,7.482
TRNR,141533.45,1.1444,4.418,4.218,4.874,4.674,9.174,8.974
TSSI,1486102.2,14.62,1.88,1.68,1.284,1.084,1.148,0.948
TURB,3964361.5,1.84,2.054,1.854,1.53,1.33,1.698,1.498
UAVS,2055868.55,1.16,2.364,2.164,1.969,1.769,2.678,2.478
UCAR,45776910.65,1.3214,1.784,1.584,1.148,0.948,0.844,0.644
UGRO,13875066.75,11.66,1.728,1.528,1.069,0.869,0.667,0.467
UOKA,84608112.25,11.4225,1.674,1.474,0.993,0.793,0.496,0.296
UP,1502697.6,0.43255001306533813,2.972,2.772,2.829,2.629,4.602,4.402
UPC,4952.8421052631575,3.18,10.0,9.8,10.0,9.8,10.0,9.8
UPS,3575250.35,105.93,1.697,1.497,1.026,0.826,0.571,0.371
USAR,10460485.55,21.479,1.715,1.515,1.05,0.85,0.625,0.425
USEG,3207075.25,0.73,2.371,2.171,1.978,1.778,2.7,2.5
UUU,32080.1,5.74,4.287,4.087,4.689,4.489,8.761,8.561
VCIG,257222.75,1.14,3.705,3.505,3.865,3.665,6.918,6.718
VEEE,5461751.35,0.2142,2.674,2.474,2.407,2.207,3.658,3.458
VERO,10081.57142857143,0.311,10.0,9.8,10.0,9.8,10.0,9.8
VHUB,448374.25,0.788,3.521,3.321,3.605,3.405,6.337,6.137
VNDA,964741.05,7.2691,2.062,1.862,1.542,1.342,1.724,1.524
VNRX,11317878.9,0.165,2.458,2.258,2.102,1.902,2.976,2.776
VOO,6673189.6,651.415,1.657,1.457,0.969,0.769,0.443,0.243
VRAX,41234941.9,0.1417,2.091,1.891,1.583,1.383,1.815,1.615
VSA,29906528.6,0.7908,1.864,1.664,1.262,1.062,1.098,0.898
VTAK,197891.45,0.851,4.364,4.164,4.798,4.598,9.004,8.804
WBUY,2428199.25,1.25,2.266,2.066,1.83,1.63,2.368,2.168
WEEK,37585.75,100.02999877929688,2.206,2.006,1.745,1.545,2.179,1.979
WETO,111294.45,0.599,5.97,5.77,7.069,6.869,10.0,9.8
WFF,169452.85,1.36,3.969,3.769,4.239,4.039,7.754,7.554
WGRX,27759796.0,0.1411,2.205,2.005,1.744,1.544,2.175,1.975
WLDS,2116290.6,2.0899999141693115,2.159,1.959,1.678,1.478,2.029,1.829
WNW,23800810.1,5.0443,1.742,1.542,1.089,0.889,0.712,0.512
WORX,6835080.95,0.95,2.079,1.879,1.565,1.365,1.776,1.576
WSHP,2387076.25,14.06,1.83,1.63,1.214,1.014,0.99,0.79
XHG,39009.8,1.04,7.191,6.991,8.795,8.595,10.0,9.8
XPON,191786.25,0.81,4.496,4.296,4.984,4.784,9.42,9.22
XRP,537871.35,15.9051,2.022,1.822,1.485,1.285,1.597,1.397
XTIA,1461771.45,2.3,2.25,2.05,1.807,1.607,2.317,2.117
XWEL,216407.65,1.18,3.852,3.652,4.074,3.874,7.385,7.185
YDKG,100501.7,0.9257,5.23,5.03,6.022,5.822,10.0,9.8
YIBO,68444.45,0.9602,6.001,5.801,7.113,6.913,10.0,9.8
YOU,1556333.5,46.16999816894531,1.772,1.572,1.132,0.932,0.806,0.606
YSS,2197814.8,35.72,1.766,1.566,1.123,0.923,0.787,0.587
YXT,8977048.55,0.51,2.149,1.949,1.665,1.465,2.0,1.8
ZOMDF,410691.15,0.10849999636411667,6.936,6.736,8.435,8.235,10.0,9.8
ZSPC,67317132.95,0.054,2.226,2.026,1.774,1.574,2.243,2.043
